date,level,monthly_return,source,label
1975-12-31,1000,,base,base
1976-01-31,1032.9337,0.03293367081,B6.1 history,"backtested, not live"
1976-02-29,1047.5987,0.01419748691,B6.1 history,"backtested, not live"
1976-03-31,1057.6412,0.009586135495,B6.1 history,"backtested, not live"
1976-04-30,1065.6707,0.007591948052,B6.1 history,"backtested, not live"
1976-05-31,1057.1934,-0.007954924289,B6.1 history,"backtested, not live"
1976-06-30,1066.2428,0.008559883713,B6.1 history,"backtested, not live"
1976-07-31,1066.5096,0.0002502248968,B6.1 history,"backtested, not live"
1976-08-31,1077.8279,0.01061247583,B6.1 history,"backtested, not live"
1976-09-30,1099.1972,0.0198262064,B6.1 history,"backtested, not live"
1976-10-31,1100.4547,0.001144059567,B6.1 history,"backtested, not live"
1976-11-30,1121.7494,0.01935077914,B6.1 history,"backtested, not live"
1976-12-31,1165.2641,0.03879179658,B6.1 history,"backtested, not live"
1977-01-31,1157.5886,-0.006586850195,B6.1 history,"backtested, not live"
1977-02-28,1164.315,0.00581069734,B6.1 history,"backtested, not live"
1977-03-31,1175.0789,0.009244813823,B6.1 history,"backtested, not live"
1977-04-30,1188.121,0.01109888218,B6.1 history,"backtested, not live"
1977-05-31,1193.6189,0.004627446021,B6.1 history,"backtested, not live"
1977-06-30,1216.029,0.01877488029,B6.1 history,"backtested, not live"
1977-07-31,1220.6779,0.003823017668,B6.1 history,"backtested, not live"
1977-08-31,1233.409,0.0104295536,B6.1 history,"backtested, not live"
1977-09-30,1250.8636,0.01415145484,B6.1 history,"backtested, not live"
1977-10-31,1252.5266,0.001329548127,B6.1 history,"backtested, not live"
1977-11-30,1264.0106,0.009168639018,B6.1 history,"backtested, not live"
1977-12-31,1280.7441,0.01323840557,B6.1 history,"backtested, not live"
1978-01-31,1277.1042,-0.00284203614,B6.1 history,"backtested, not live"
1978-02-28,1284.8864,0.006093663377,B6.1 history,"backtested, not live"
1978-03-31,1303.1596,0.0142216677,B6.1 history,"backtested, not live"
1978-04-30,1309.8369,0.005123912693,B6.1 history,"backtested, not live"
1978-05-31,1312.3322,0.001905020686,B6.1 history,"backtested, not live"
1978-06-30,1316.9983,0.003555624879,B6.1 history,"backtested, not live"
1978-07-31,1359.1815,0.03202975046,B6.1 history,"backtested, not live"
1978-08-31,1394.7008,0.02613285379,B6.1 history,"backtested, not live"
1978-09-30,1411.8121,0.01226886018,B6.1 history,"backtested, not live"
1978-10-31,1419.1933,0.005228144913,B6.1 history,"backtested, not live"
1978-11-30,1377.7226,-0.02922131618,B6.1 history,"backtested, not live"
1978-12-31,1403.6136,0.01879263544,B6.1 history,"backtested, not live"
1979-01-31,1424.2551,0.01470591559,B6.1 history,"backtested, not live"
1979-02-28,1426.5409,0.001604946548,B6.1 history,"backtested, not live"
1979-03-31,1449.099,0.01581310491,B6.1 history,"backtested, not live"
1979-04-30,1455.4107,0.004355645298,B6.1 history,"backtested, not live"
1979-05-31,1466.9696,0.007941980802,B6.1 history,"backtested, not live"
1979-06-30,1493.7686,0.01826829004,B6.1 history,"backtested, not live"
1979-07-31,1523.7542,0.02007377433,B6.1 history,"backtested, not live"
1979-08-31,1548.8815,0.01649038953,B6.1 history,"backtested, not live"
1979-09-30,1589.9223,0.02649706781,B6.1 history,"backtested, not live"
1979-10-31,1499.8395,-0.0566585929,B6.1 history,"backtested, not live"
1979-11-30,1513.5117,0.009115747461,B6.1 history,"backtested, not live"
1979-12-31,1586.5385,0.04824989906,B6.1 history,"backtested, not live"
1980-01-31,1655.4007,0.04340408599,B6.1 history,"backtested, not live"
1980-02-29,1571.8525,-0.05047008948,B6.1 history,"backtested, not live"
1980-03-31,1444.4776,-0.08103491475,B6.1 history,"backtested, not live"
1980-04-30,1543.1284,0.06829517451,B6.1 history,"backtested, not live"
1980-05-31,1652.1139,0.0706262982,B6.1 history,"backtested, not live"
1980-06-30,1766.6552,0.06933017004,B6.1 history,"backtested, not live"
1980-07-31,1758.3891,-0.004678930021,B6.1 history,"backtested, not live"
1980-08-31,1739.936,-0.01049434662,B6.1 history,"backtested, not live"
1980-09-30,1755.3509,0.008859438907,B6.1 history,"backtested, not live"
1980-10-31,1738.6407,-0.009519577451,B6.1 history,"backtested, not live"
1980-11-30,1732.8434,-0.003334342581,B6.1 history,"backtested, not live"
1980-12-31,1707.3653,-0.01470307068,B6.1 history,"backtested, not live"
1981-01-31,1682.5786,-0.01451751016,B6.1 history,"backtested, not live"
1981-02-28,1643.9411,-0.02296327358,B6.1 history,"backtested, not live"
1981-03-31,1691.5321,0.02894934201,B6.1 history,"backtested, not live"
1981-04-30,1659.2929,-0.01905917991,B6.1 history,"backtested, not live"
1981-05-31,1636.2879,-0.01386434808,B6.1 history,"backtested, not live"
1981-06-30,1633.2227,-0.00187328771,B6.1 history,"backtested, not live"
1981-07-31,1594.2339,-0.02387227052,B6.1 history,"backtested, not live"
1981-08-31,1579.506,-0.009238232472,B6.1 history,"backtested, not live"
1981-09-30,1543.3266,-0.02290551925,B6.1 history,"backtested, not live"
1981-10-31,1600.0785,0.03677242951,B6.1 history,"backtested, not live"
1981-11-30,1721.8738,0.07611832089,B6.1 history,"backtested, not live"
1981-12-31,1706.1131,-0.009153205266,B6.1 history,"backtested, not live"
1982-01-31,1674.1974,-0.01870668588,B6.1 history,"backtested, not live"
1982-02-28,1656.802,-0.01039025789,B6.1 history,"backtested, not live"
1982-03-31,1673.7257,0.01021468014,B6.1 history,"backtested, not live"
1982-04-30,1732.7419,0.03526032718,B6.1 history,"backtested, not live"
1982-05-31,1753.4389,0.01194466051,B6.1 history,"backtested, not live"
1982-06-30,1700.3691,-0.03026611123,B6.1 history,"backtested, not live"
1982-07-31,1745.1515,0.02633688826,B6.1 history,"backtested, not live"
1982-08-31,1878.0948,0.07617866975,B6.1 history,"backtested, not live"
1982-09-30,1965.1311,0.04634282735,B6.1 history,"backtested, not live"
1982-10-31,2106.1068,0.07173858107,B6.1 history,"backtested, not live"
1982-11-30,2172.7041,0.03162105796,B6.1 history,"backtested, not live"
1982-12-31,2240.8823,0.03137939651,B6.1 history,"backtested, not live"
1983-01-31,2290.4227,0.02210757352,B6.1 history,"backtested, not live"
1983-02-28,2285.9337,-0.001959924981,B6.1 history,"backtested, not live"
1983-03-31,2332.6399,0.020432008,B6.1 history,"backtested, not live"
1983-04-30,2425.398,0.03976529432,B6.1 history,"backtested, not live"
1983-05-31,2432.8825,0.003085897685,B6.1 history,"backtested, not live"
1983-06-30,2424.647,-0.003385098756,B6.1 history,"backtested, not live"
1983-07-31,2388.6109,-0.0148624003,B6.1 history,"backtested, not live"
1983-08-31,2369.5229,-0.007991274035,B6.1 history,"backtested, not live"
1983-09-30,2420.3659,0.02145709938,B6.1 history,"backtested, not live"
1983-10-31,2428.2953,0.003276097193,B6.1 history,"backtested, not live"
1983-11-30,2457.6329,0.01208155789,B6.1 history,"backtested, not live"
1983-12-31,2446.8298,-0.004395726291,B6.1 history,"backtested, not live"
1984-01-31,2476.7681,0.0122355308,B6.1 history,"backtested, not live"
1984-02-29,2498.5527,0.008795590851,B6.1 history,"backtested, not live"
1984-03-31,2505.4823,0.00277344858,B6.1 history,"backtested, not live"
1984-04-30,2478.356,-0.01082678704,B6.1 history,"backtested, not live"
1984-05-31,2370.0132,-0.04371559554,B6.1 history,"backtested, not live"
1984-06-30,2370.5301,0.0002180931365,B6.1 history,"backtested, not live"
1984-07-31,2362.0485,-0.00357790447,B6.1 history,"backtested, not live"
1984-08-31,2482.8951,0.05116177785,B6.1 history,"backtested, not live"
1984-09-30,2508.8403,0.01044957695,B6.1 history,"backtested, not live"
1984-10-31,2568.5812,0.02381215545,B6.1 history,"backtested, not live"
1984-11-30,2629.309,0.02364253229,B6.1 history,"backtested, not live"
1984-12-31,2645.564,0.006182237157,B6.1 history,"backtested, not live"
1985-01-31,2704.2387,0.02217851395,B6.1 history,"backtested, not live"
1985-02-28,2663.9959,-0.01488138991,B6.1 history,"backtested, not live"
1985-03-31,2701.3892,0.01403654633,B6.1 history,"backtested, not live"
1985-04-30,2787.1278,0.03173871024,B6.1 history,"backtested, not live"
1985-05-31,2917.5324,0.04678816934,B6.1 history,"backtested, not live"
1985-06-30,3019.6289,0.03499413742,B6.1 history,"backtested, not live"
1985-07-31,3078.437,0.01947528021,B6.1 history,"backtested, not live"
1985-08-31,3129.5917,0.01661709705,B6.1 history,"backtested, not live"
1985-09-30,3141.8925,0.003930473264,B6.1 history,"backtested, not live"
1985-10-31,3260.4134,0.03772278131,B6.1 history,"backtested, not live"
1985-11-30,3396.0309,0.04159517095,B6.1 history,"backtested, not live"
1985-12-31,3537.9214,0.04178128942,B6.1 history,"backtested, not live"
1986-01-31,3600.2703,0.01762303654,B6.1 history,"backtested, not live"
1986-02-28,3817.4614,0.0603263073,B6.1 history,"backtested, not live"
1986-03-31,4100.6065,0.07417106713,B6.1 history,"backtested, not live"
1986-04-30,4216.8701,0.02835278159,B6.1 history,"backtested, not live"
1986-05-31,4165.38,-0.01221051288,B6.1 history,"backtested, not live"
1986-06-30,4259.5603,0.02261026254,B6.1 history,"backtested, not live"
1986-07-31,4340.7489,0.019060328,B6.1 history,"backtested, not live"
1986-08-31,4544.3544,0.04690561475,B6.1 history,"backtested, not live"
1986-09-30,4458.8909,-0.01880654099,B6.1 history,"backtested, not live"
1986-10-31,4430.7704,-0.006306605957,B6.1 history,"backtested, not live"
1986-11-30,4514.888,0.0189848736,B6.1 history,"backtested, not live"
1986-12-31,4580.7942,0.01459752599,B6.1 history,"backtested, not live"
1987-01-31,4863.8982,0.06180238326,B6.1 history,"backtested, not live"
1987-02-28,4943.2374,0.01631185828,B6.1 history,"backtested, not live"
1987-03-31,5073.6828,0.02638865103,B6.1 history,"backtested, not live"
1987-04-30,5103.6044,0.005897416124,B6.1 history,"backtested, not live"
1987-05-31,5044.7918,-0.01152372749,B6.1 history,"backtested, not live"
1987-06-30,5038.9204,-0.001163858884,B6.1 history,"backtested, not live"
1987-07-31,5043.817,0.0009717463721,B6.1 history,"backtested, not live"
1987-08-31,5087.3551,0.008631977385,B6.1 history,"backtested, not live"
1987-09-30,4977.2093,-0.02165089674,B6.1 history,"backtested, not live"
1987-10-31,4686.6246,-0.05838304953,B6.1 history,"backtested, not live"
1987-11-30,4807.3365,0.02575668501,B6.1 history,"backtested, not live"
1987-12-31,4902.8653,0.01987144711,B6.1 history,"backtested, not live"
1988-01-31,5014.6629,0.02280250009,B6.1 history,"backtested, not live"
1988-02-29,5181.4096,0.03325183646,B6.1 history,"backtested, not live"
1988-03-31,5263.6562,0.01587339101,B6.1 history,"backtested, not live"
1988-04-30,5247.7544,-0.003021055291,B6.1 history,"backtested, not live"
1988-05-31,5170.9251,-0.0146404113,B6.1 history,"backtested, not live"
1988-06-30,5196.9875,0.005040186926,B6.1 history,"backtested, not live"
1988-07-31,5184.4149,-0.002419216115,B6.1 history,"backtested, not live"
1988-08-31,5065.0404,-0.02302564346,B6.1 history,"backtested, not live"
1988-09-30,5223.2963,0.03124473933,B6.1 history,"backtested, not live"
1988-10-31,5482.1262,0.04955299106,B6.1 history,"backtested, not live"
1988-11-30,5571.1602,0.01624078328,B6.1 history,"backtested, not live"
1988-12-31,5582.1481,0.001972278395,B6.1 history,"backtested, not live"
1989-01-31,5652.0195,0.01251693247,B6.1 history,"backtested, not live"
1989-02-28,5634.4858,-0.003102193476,B6.1 history,"backtested, not live"
1989-03-31,5597.9758,-0.006479734908,B6.1 history,"backtested, not live"
1989-04-30,5687.8415,0.01605324843,B6.1 history,"backtested, not live"
1989-05-31,5672.4008,-0.002714687171,B6.1 history,"backtested, not live"
1989-06-30,5747.9155,0.01331265082,B6.1 history,"backtested, not live"
1989-07-31,6094.0569,0.0602203291,B6.1 history,"backtested, not live"
1989-08-31,6027.5392,-0.01091517046,B6.1 history,"backtested, not live"
1989-09-30,6069.9904,0.007042870572,B6.1 history,"backtested, not live"
1989-10-31,6084.5271,0.00239484419,B6.1 history,"backtested, not live"
1989-11-30,6204.8822,0.01978051402,B6.1 history,"backtested, not live"
1989-12-31,6312.6917,0.01737495868,B6.1 history,"backtested, not live"
1990-01-31,6148.7934,-0.02596330516,B6.1 history,"backtested, not live"
1990-02-28,6001.0961,-0.02402052582,B6.1 history,"backtested, not live"
1990-03-31,5799.2149,-0.03364072169,B6.1 history,"backtested, not live"
1990-04-30,5747.1499,-0.008977943328,B6.1 history,"backtested, not live"
1990-05-31,6033.327,0.04979461126,B6.1 history,"backtested, not live"
1990-06-30,6090.0344,0.009399021881,B6.1 history,"backtested, not live"
1990-07-31,6212.2034,0.02006048324,B6.1 history,"backtested, not live"
1990-08-31,5949.3227,-0.04231681928,B6.1 history,"backtested, not live"
1990-09-30,5743.4891,-0.03459782578,B6.1 history,"backtested, not live"
1990-10-31,6003.9178,0.04534330207,B6.1 history,"backtested, not live"
1990-11-30,6076.3113,0.01205771053,B6.1 history,"backtested, not live"
1990-12-31,6199.602,0.02029038041,B6.1 history,"backtested, not live"
1991-01-31,6282.6543,0.01339639581,B6.1 history,"backtested, not live"
1991-02-28,6611.6226,0.05236134584,B6.1 history,"backtested, not live"
1991-03-31,6493.2876,-0.0178980215,B6.1 history,"backtested, not live"
1991-04-30,6535.1961,0.00645411927,B6.1 history,"backtested, not live"
1991-05-31,6592.8745,0.008825810258,B6.1 history,"backtested, not live"
1991-06-30,6427.5488,-0.02507641894,B6.1 history,"backtested, not live"
1991-07-31,6546.2518,0.01846784664,B6.1 history,"backtested, not live"
1991-08-31,6666.9548,0.01843849227,B6.1 history,"backtested, not live"
1991-09-30,6867.4735,0.0300765065,B6.1 history,"backtested, not live"
1991-10-31,6991.0311,0.01799171815,B6.1 history,"backtested, not live"
1991-11-30,6992.871,0.0002631692966,B6.1 history,"backtested, not live"
1991-12-31,7300.0925,0.04393353106,B6.1 history,"backtested, not live"
1992-01-31,7322.2277,0.003032179627,B6.1 history,"backtested, not live"
1992-02-29,7266.1474,-0.007658902129,B6.1 history,"backtested, not live"
1992-03-31,7085.1635,-0.02490783159,B6.1 history,"backtested, not live"
1992-04-30,7117.0282,0.004497385326,B6.1 history,"backtested, not live"
1992-05-31,7301.7988,0.02596176538,B6.1 history,"backtested, not live"
1992-06-30,7327.0082,0.003452495224,B6.1 history,"backtested, not live"
1992-07-31,7499.8373,0.0235879456,B6.1 history,"backtested, not live"
1992-08-31,7648.5997,0.01983542431,B6.1 history,"backtested, not live"
1992-09-30,7706.5088,0.007571190945,B6.1 history,"backtested, not live"
1992-10-31,7590.1194,-0.01510274023,B6.1 history,"backtested, not live"
1992-11-30,7553.8127,-0.004783412151,B6.1 history,"backtested, not live"
1992-12-31,7658.3847,0.01384360416,B6.1 history,"backtested, not live"
1993-01-31,7742.0501,0.01092467875,B6.1 history,"backtested, not live"
1993-02-28,7947.4007,0.02652406246,B6.1 history,"backtested, not live"
1993-03-31,8230.8647,0.03566751781,B6.1 history,"backtested, not live"
1993-04-30,8438.1109,0.025179142,B6.1 history,"backtested, not live"
1993-05-31,8534.7433,0.0114519092,B6.1 history,"backtested, not live"
1993-06-30,8587.9301,0.006231800046,B6.1 history,"backtested, not live"
1993-07-31,8741.5974,0.01789339889,B6.1 history,"backtested, not live"
1993-08-31,9084.0339,0.03917321167,B6.1 history,"backtested, not live"
1993-09-30,9204.0778,0.01321482561,B6.1 history,"backtested, not live"
1993-10-31,9290.6168,0.009402253229,B6.1 history,"backtested, not live"
1993-11-30,9012.3663,-0.02994962975,B6.1 history,"backtested, not live"
1993-12-31,9224.6091,0.02355017277,B6.1 history,"backtested, not live"
1994-01-31,9439.6918,0.02331618877,B6.1 history,"backtested, not live"
1994-02-28,9327.776,-0.0118558751,B6.1 history,"backtested, not live"
1994-03-31,9018.0211,-0.03320779991,B6.1 history,"backtested, not live"
1994-04-30,8983.3573,-0.003843838965,B6.1 history,"backtested, not live"
1994-05-31,8995.8372,0.001389224078,B6.1 history,"backtested, not live"
1994-06-30,8979.9008,-0.0017715226,B6.1 history,"backtested, not live"
1994-07-31,9104.97,0.01392767351,B6.1 history,"backtested, not live"
1994-08-31,9219.3891,0.01256666818,B6.1 history,"backtested, not live"
1994-09-30,9099.7507,-0.01297682933,B6.1 history,"backtested, not live"
1994-10-31,9143.9451,0.004856662875,B6.1 history,"backtested, not live"
1994-11-30,8969.3943,-0.01908922301,B6.1 history,"backtested, not live"
1994-12-31,9037.8562,0.007632841959,B6.1 history,"backtested, not live"
1995-01-31,9021.1771,-0.001845481378,B6.1 history,"backtested, not live"
1995-02-28,9233.4125,0.02352635833,B6.1 history,"backtested, not live"
1995-03-31,9597.0141,0.0393788962,B6.1 history,"backtested, not live"
1995-04-30,9918.7182,0.03352127185,B6.1 history,"backtested, not live"
1995-05-31,10196.007,0.02795611168,B6.1 history,"backtested, not live"
1995-06-30,10408.7362,0.02086397593,B6.1 history,"backtested, not live"
1995-07-31,10503.46,0.0091004059,B6.1 history,"backtested, not live"
1995-08-31,10341.9246,-0.01537925291,B6.1 history,"backtested, not live"
1995-09-30,10498.0932,0.01510053903,B6.1 history,"backtested, not live"
1995-10-31,10585.1154,0.008289326982,B6.1 history,"backtested, not live"
1995-11-30,10776.1119,0.01804388022,B6.1 history,"backtested, not live"
1995-12-31,11000.3465,0.02080848336,B6.1 history,"backtested, not live"
1996-01-31,11097.3091,0.008814509154,B6.1 history,"backtested, not live"
1996-02-29,11006.0423,-0.00822423261,B6.1 history,"backtested, not live"
1996-03-31,10907.5383,-0.008949991248,B6.1 history,"backtested, not live"
1996-04-30,10952.9509,0.004163410709,B6.1 history,"backtested, not live"
1996-05-31,10935.7474,-0.001570667657,B6.1 history,"backtested, not live"
1996-06-30,10943.232,0.0006844198824,B6.1 history,"backtested, not live"
1996-07-31,10849.709,-0.008546200072,B6.1 history,"backtested, not live"
1996-08-31,11036.7641,0.0172405621,B6.1 history,"backtested, not live"
1996-09-30,11169.1803,0.01199774251,B6.1 history,"backtested, not live"
1996-10-31,11360.4619,0.01712583906,B6.1 history,"backtested, not live"
1996-11-30,11762.3615,0.0353770477,B6.1 history,"backtested, not live"
1996-12-31,11649.563,-0.009589785502,B6.1 history,"backtested, not live"
1997-01-31,11575.1297,-0.006389366109,B6.1 history,"backtested, not live"
1997-02-28,11664.2725,0.007701241042,B6.1 history,"backtested, not live"
1997-03-31,11434.6393,-0.01968688792,B6.1 history,"backtested, not live"
1997-04-30,11476.0708,0.003623335223,B6.1 history,"backtested, not live"
1997-05-31,11919.8044,0.03866598074,B6.1 history,"backtested, not live"
1997-06-30,12272.4917,0.02958834774,B6.1 history,"backtested, not live"
1997-07-31,12639.4427,0.02990028271,B6.1 history,"backtested, not live"
1997-08-31,12275.1544,-0.02882154832,B6.1 history,"backtested, not live"
1997-09-30,12635.4235,0.02934945879,B6.1 history,"backtested, not live"
1997-10-31,12495.7858,-0.01105128975,B6.1 history,"backtested, not live"
1997-11-30,12571.8038,0.006083497106,B6.1 history,"backtested, not live"
1997-12-31,12642.8785,0.00565350074,B6.1 history,"backtested, not live"
1998-01-31,12841.6415,0.01572133421,B6.1 history,"backtested, not live"
1998-02-28,13211.524,0.02880336483,B6.1 history,"backtested, not live"
1998-03-31,13422.7479,0.01598785644,B6.1 history,"backtested, not live"
1998-04-30,13515.6166,0.006918754035,B6.1 history,"backtested, not live"
1998-05-31,13438.7283,-0.00568885134,B6.1 history,"backtested, not live"
1998-06-30,13559.9953,0.009023695948,B6.1 history,"backtested, not live"
1998-07-31,13531.1196,-0.002129471031,B6.1 history,"backtested, not live"
1998-08-31,12842.51,-0.05089081209,B6.1 history,"backtested, not live"
1998-09-30,13305.7565,0.03607134048,B6.1 history,"backtested, not live"
1998-10-31,13871.4738,0.04251672966,B6.1 history,"backtested, not live"
1998-11-30,14068.6746,0.01421628357,B6.1 history,"backtested, not live"
1998-12-31,14418.0976,0.02483695049,B6.1 history,"backtested, not live"
1999-01-31,14517.1708,0.006871452577,B6.1 history,"backtested, not live"
1999-02-28,14160.0988,-0.02459653279,B6.1 history,"backtested, not live"
1999-03-31,14304.8145,0.01021997004,B6.1 history,"backtested, not live"
1999-04-30,14660.3192,0.02485209781,B6.1 history,"backtested, not live"
1999-05-31,14357.1167,-0.02068184552,B6.1 history,"backtested, not live"
1999-06-30,14484.5352,0.008874930996,B6.1 history,"backtested, not live"
1999-07-31,14502.4649,0.001237855431,B6.1 history,"backtested, not live"
1999-08-31,14519.2103,0.001154660939,B6.1 history,"backtested, not live"
1999-09-30,14601.1245,0.005641778247,B6.1 history,"backtested, not live"
1999-10-31,14845.5668,0.01674133539,B6.1 history,"backtested, not live"
1999-11-30,15237.4914,0.02640011077,B6.1 history,"backtested, not live"
1999-12-31,15729.9055,0.0323159501,B6.1 history,"backtested, not live"
2000-01-31,15304.0778,-0.02707121748,B6.1 history,"backtested, not live"
2000-02-29,15532.571,0.01493022141,B6.1 history,"backtested, not live"
2000-03-31,15945.0926,0.02655848334,B6.1 history,"backtested, not live"
2000-04-30,15571.0054,-0.02346096204,B6.1 history,"backtested, not live"
2000-05-31,15138.1725,-0.02779735907,B6.1 history,"backtested, not live"
2000-06-30,15718.7327,0.03835074639,B6.1 history,"backtested, not live"
2000-07-31,15563.0842,-0.009902101981,B6.1 history,"backtested, not live"
2000-08-31,15935.8554,0.02395226571,B6.1 history,"backtested, not live"
2000-09-30,15548.8788,-0.02428339007,B6.1 history,"backtested, not live"
2000-10-31,15381.0062,-0.01079644267,B6.1 history,"backtested, not live"
2000-11-30,15071.8689,-0.020098641,B6.1 history,"backtested, not live"
2000-12-31,15490.223,0.02775727981,B6.1 history,"backtested, not live"
2001-01-31,15822.1675,0.02142929231,B6.1 history,"backtested, not live"
2001-02-28,15365.1364,-0.02888548954,B6.1 history,"backtested, not live"
2001-03-31,14971.5336,-0.02561661765,B6.1 history,"backtested, not live"
2001-04-30,15228.8166,0.01718481264,B6.1 history,"backtested, not live"
2001-05-31,15187.2081,-0.002732222842,B6.1 history,"backtested, not live"
2001-06-30,15130.6341,-0.003725110475,B6.1 history,"backtested, not live"
2001-07-31,15051.428,-0.005234811381,B6.1 history,"backtested, not live"
2001-08-31,15053.886,0.0001633022461,B6.1 history,"backtested, not live"
2001-09-30,14552.9515,-0.03327609331,B6.1 history,"backtested, not live"
2001-10-31,14850.4852,0.02044491031,B6.1 history,"backtested, not live"
2001-11-30,15173.1236,0.02172577885,B6.1 history,"backtested, not live"
2001-12-31,15169.3053,-0.0002516464058,B6.1 history,"backtested, not live"
2002-01-31,15135.726,-0.002213637901,B6.1 history,"backtested, not live"
2002-02-28,15167.6276,0.002107701369,B6.1 history,"backtested, not live"
2002-03-31,15272.9227,0.006942096939,B6.1 history,"backtested, not live"
2002-04-30,15295.4463,0.001474741839,B6.1 history,"backtested, not live"
2002-05-31,15426.6126,0.008575513507,B6.1 history,"backtested, not live"
2002-06-30,15343.4711,-0.005389489155,B6.1 history,"backtested, not live"
2002-07-31,15136.9018,-0.01346301149,B6.1 history,"backtested, not live"
2002-08-31,15439.1081,0.01996487371,B6.1 history,"backtested, not live"
2002-09-30,15180.6104,-0.01674304821,B6.1 history,"backtested, not live"
2002-10-31,15331.5243,0.009941231668,B6.1 history,"backtested, not live"
2002-11-30,15648.9856,0.02070643766,B6.1 history,"backtested, not live"
2002-12-31,15751.0552,0.006522444304,B6.1 history,"backtested, not live"
2003-01-31,15731.1015,-0.001266816265,B6.1 history,"backtested, not live"
2003-02-28,15855.2497,0.007891894538,B6.1 history,"backtested, not live"
2003-03-31,15859.3603,0.0002592555026,B6.1 history,"backtested, not live"
2003-04-30,16370.3777,0.03222181919,B6.1 history,"backtested, not live"
2003-05-31,17250.9514,0.05379067909,B6.1 history,"backtested, not live"
2003-06-30,17462.3788,0.01225598468,B6.1 history,"backtested, not live"
2003-07-31,16982.658,-0.02747167711,B6.1 history,"backtested, not live"
2003-08-31,17067.7776,0.005012145199,B6.1 history,"backtested, not live"
2003-09-30,17525.521,0.02681916113,B6.1 history,"backtested, not live"
2003-10-31,17902.9571,0.02153636582,B6.1 history,"backtested, not live"
2003-11-30,18053.4658,0.008406919841,B6.1 history,"backtested, not live"
2003-12-31,18682.7944,0.0348591601,B6.1 history,"backtested, not live"
2004-01-31,19044.2256,0.01934566708,B6.1 history,"backtested, not live"
2004-02-29,19348.8184,0.01599397073,B6.1 history,"backtested, not live"
2004-03-31,19463.6785,0.005936285112,B6.1 history,"backtested, not live"
2004-04-30,18808.7475,-0.0336488776,B6.1 history,"backtested, not live"
2004-05-31,18673.9324,-0.007167680539,B6.1 history,"backtested, not live"
2004-06-30,18861.325,0.010034983,B6.1 history,"backtested, not live"
2004-07-31,18813.8091,-0.002519225818,B6.1 history,"backtested, not live"
2004-08-31,19167.1853,0.01878280832,B6.1 history,"backtested, not live"
2004-09-30,19449.2088,0.01471387613,B6.1 history,"backtested, not live"
2004-10-31,19795.7481,0.01781765459,B6.1 history,"backtested, not live"
2004-11-30,20247.4411,0.0228176742,B6.1 history,"backtested, not live"
2004-12-31,20746.1867,0.02463252511,B6.1 history,"backtested, not live"
2005-01-31,20719.88,-0.001268025008,B6.1 history,"backtested, not live"
2005-02-28,20924.2501,0.009863479035,B6.1 history,"backtested, not live"
2005-03-31,20623.0409,-0.01439521861,B6.1 history,"backtested, not live"
2005-04-30,20605.9818,-0.0008271870688,B6.1 history,"backtested, not live"
2005-05-31,20839.5448,0.01133471879,B6.1 history,"backtested, not live"
2005-06-30,21056.8616,0.01042809436,B6.1 history,"backtested, not live"
2005-07-31,21146.4631,0.004255220222,B6.1 history,"backtested, not live"
2005-08-31,21422.0053,0.01303017646,B6.1 history,"backtested, not live"
2005-09-30,21565.1291,0.006681157602,B6.1 history,"backtested, not live"
2005-10-31,21073.2188,-0.0228104485,B6.1 history,"backtested, not live"
2005-11-30,21330.7661,0.01222154537,B6.1 history,"backtested, not live"
2005-12-31,21729.3779,0.01868717676,B6.1 history,"backtested, not live"
2006-01-31,22269.557,0.02485938952,B6.1 history,"backtested, not live"
2006-02-28,22211.801,-0.002593496044,B6.1 history,"backtested, not live"
2006-03-31,22269.4979,0.00259758021,B6.1 history,"backtested, not live"
2006-04-30,22515.0755,0.01102753341,B6.1 history,"backtested, not live"
2006-05-31,22258.6569,-0.0113887522,B6.1 history,"backtested, not live"
2006-06-30,22167.5381,-0.004093633567,B6.1 history,"backtested, not live"
2006-07-31,22329.9492,0.007326524427,B6.1 history,"backtested, not live"
2006-08-31,22855.2527,0.02352461819,B6.1 history,"backtested, not live"
2006-09-30,23067.8827,0.009303332006,B6.1 history,"backtested, not live"
2006-10-31,23448.6086,0.01650459035,B6.1 history,"backtested, not live"
2006-11-30,24015.3977,0.02417154257,B6.1 history,"backtested, not live"
2006-12-31,24223.6357,0.008671019409,B6.1 history,"backtested, not live"
2007-01-31,24214.4073,-0.0003809641166,B6.1 history,"backtested, not live"
2007-02-28,24429.1373,0.008867858926,B6.1 history,"backtested, not live"
2007-03-31,24726.9526,0.01219098831,B6.1 history,"backtested, not live"
2007-04-30,25220.4164,0.01995651458,B6.1 history,"backtested, not live"
2007-05-31,25378.824,0.006280926402,B6.1 history,"backtested, not live"
2007-06-30,25193.7017,-0.007294359331,B6.1 history,"backtested, not live"
2007-07-31,25177.234,-0.0006536420177,B6.1 history,"backtested, not live"
2007-08-31,25434.7381,0.01022765356,B6.1 history,"backtested, not live"
2007-09-30,26150.1651,0.02812794768,B6.1 history,"backtested, not live"
2007-10-31,26811.2755,0.02528131131,B6.1 history,"backtested, not live"
2007-11-30,26690.9151,-0.004489171863,B6.1 history,"backtested, not live"
2007-12-31,26492.9254,-0.00741787004,B6.1 history,"backtested, not live"
2008-01-31,26066.929,-0.01607962776,B6.1 history,"backtested, not live"
2008-02-29,26171.8925,0.004026692358,B6.1 history,"backtested, not live"
2008-03-31,26235.6467,0.002435981245,B6.1 history,"backtested, not live"
2008-04-30,26923.18,0.02620607364,B6.1 history,"backtested, not live"
2008-05-31,26742.494,-0.006711170182,B6.1 history,"backtested, not live"
2008-06-30,25784.7626,-0.03581308974,B6.1 history,"backtested, not live"
2008-07-31,25550.2609,-0.009094584941,B6.1 history,"backtested, not live"
2008-08-31,25358.771,-0.00749463752,B6.1 history,"backtested, not live"
2008-09-30,23532.0311,-0.07203581934,B6.1 history,"backtested, not live"
2008-10-31,21497.5303,-0.08645665862,B6.1 history,"backtested, not live"
2008-11-30,21474.4045,-0.00107574566,B6.1 history,"backtested, not live"
2008-12-31,23193.0118,0.08003050173,B6.1 history,"backtested, not live"
2009-01-31,22252.1793,-0.04056534342,B6.1 history,"backtested, not live"
2009-02-28,21249.164,-0.04507492511,B6.1 history,"backtested, not live"
2009-03-31,21840.7132,0.02783870542,B6.1 history,"backtested, not live"
2009-04-30,22672.1017,0.03806599227,B6.1 history,"backtested, not live"
2009-05-31,23514.6897,0.03716409064,B6.1 history,"backtested, not live"
2009-06-30,23676.61,0.006885920796,B6.1 history,"backtested, not live"
2009-07-31,24712.2436,0.04374078809,B6.1 history,"backtested, not live"
2009-08-31,25117.4214,0.01639583268,B6.1 history,"backtested, not live"
2009-09-30,25850.9806,0.02920519598,B6.1 history,"backtested, not live"
2009-10-31,25698.2538,-0.005907971163,B6.1 history,"backtested, not live"
2009-11-30,26474.5166,0.03020683397,B6.1 history,"backtested, not live"
2009-12-31,26225.5811,-0.009402837217,B6.1 history,"backtested, not live"
2010-01-31,25867.3282,-0.0136604351,B6.1 history,"backtested, not live"
2010-02-28,26055.0605,0.007257506478,B6.1 history,"backtested, not live"
2010-03-31,26565.1214,0.01957626992,B6.1 history,"backtested, not live"
2010-04-30,26752.4806,0.007052826525,B6.1 history,"backtested, not live"
2010-05-31,25935.2959,-0.03054612892,B6.1 history,"backtested, not live"
2010-06-30,26063.702,0.004951018065,B6.1 history,"backtested, not live"
2010-07-31,27131.3893,0.04096452854,B6.1 history,"backtested, not live"
2010-08-31,27292.3955,0.005934313616,B6.1 history,"backtested, not live"
2010-09-30,28237.5678,0.03463134621,B6.1 history,"backtested, not live"
2010-10-31,28803.468,0.02004068166,B6.1 history,"backtested, not live"
2010-11-30,28278.8238,-0.01821461653,B6.1 history,"backtested, not live"
2010-12-31,28657.2223,0.01338098383,B6.1 history,"backtested, not live"
2011-01-31,28718.8871,0.002151805543,B6.1 history,"backtested, not live"
2011-02-28,29178.2748,0.01599601414,B6.1 history,"backtested, not live"
2011-03-31,29195.0779,0.0005758781536,B6.1 history,"backtested, not live"
2011-04-30,30041.1,0.02897824156,B6.1 history,"backtested, not live"
2011-05-31,30150.8117,0.003652053805,B6.1 history,"backtested, not live"
2011-06-30,29940.1251,-0.006987756927,B6.1 history,"backtested, not live"
2011-07-31,30130.8391,0.00636984378,B6.1 history,"backtested, not live"
2011-08-31,29979.8,-0.005012772239,B6.1 history,"backtested, not live"
2011-09-30,28922.1958,-0.0352772268,B6.1 history,"backtested, not live"
2011-10-31,30029.3009,0.03827873541,B6.1 history,"backtested, not live"
2011-11-30,29648.4756,-0.01268178963,B6.1 history,"backtested, not live"
2011-12-31,29815.8845,0.005646459279,B6.1 history,"backtested, not live"
2012-01-31,30632.1783,0.02737781659,B6.1 history,"backtested, not live"
2012-02-29,31309.4797,0.02211077845,B6.1 history,"backtested, not live"
2012-03-31,31077.0773,-0.007422747115,B6.1 history,"backtested, not live"
2012-04-30,31227.5101,0.004840635719,B6.1 history,"backtested, not live"
2012-05-31,30439.0016,-0.0252504435,B6.1 history,"backtested, not live"
2012-06-30,30986.0648,0.01797244184,B6.1 history,"backtested, not live"
2012-07-31,31475.6812,0.01580117842,B6.1 history,"backtested, not live"
2012-08-31,31814.7492,0.01077238023,B6.1 history,"backtested, not live"
2012-09-30,32383.7521,0.01788487917,B6.1 history,"backtested, not live"
2012-10-31,32379.4677,-0.0001323021142,B6.1 history,"backtested, not live"
2012-11-30,32485.1325,0.003263326832,B6.1 history,"backtested, not live"
2012-12-31,32679.8864,0.005995171654,B6.1 history,"backtested, not live"
2013-01-31,32749.9307,0.002143345073,B6.1 history,"backtested, not live"
2013-02-28,32701.3927,-0.001482077981,B6.1 history,"backtested, not live"
2013-03-31,32868.2233,0.005101635742,B6.1 history,"backtested, not live"
2013-04-30,33391.2187,0.01591188538,B6.1 history,"backtested, not live"
2013-05-31,32640.7673,-0.02247451329,B6.1 history,"backtested, not live"
2013-06-30,31804.4108,-0.02562306527,B6.1 history,"backtested, not live"
2013-07-31,32383.9417,0.01822171388,B6.1 history,"backtested, not live"
2013-08-31,32047.0535,-0.01040294008,B6.1 history,"backtested, not live"
2013-09-30,32813.701,0.02392255794,B6.1 history,"backtested, not live"
2013-10-31,33648.5844,0.02544313504,B6.1 history,"backtested, not live"
2013-11-30,33625.0162,-0.0007004232151,B6.1 history,"backtested, not live"
2013-12-31,33699.1395,0.00220441061,B6.1 history,"backtested, not live"
2014-01-31,33463.0031,-0.007007192637,B6.1 history,"backtested, not live"
2014-02-28,34397.1031,0.0279144086,B6.1 history,"backtested, not live"
2014-03-31,34471.8733,0.002173736467,B6.1 history,"backtested, not live"
2014-04-30,34820.8514,0.01012356084,B6.1 history,"backtested, not live"
2014-05-31,35389.6765,0.01633575899,B6.1 history,"backtested, not live"
2014-06-30,35679.7976,0.008197903773,B6.1 history,"backtested, not live"
2014-07-31,35460.0621,-0.006158540509,B6.1 history,"backtested, not live"
2014-08-31,36053.2066,0.01672711265,B6.1 history,"backtested, not live"
2014-09-30,35140.8483,-0.02530588411,B6.1 history,"backtested, not live"
2014-10-31,35470.3146,0.009375593129,B6.1 history,"backtested, not live"
2014-11-30,35616.4281,0.00411931803,B6.1 history,"backtested, not live"
2014-12-31,35267.3369,-0.009801410398,B6.1 history,"backtested, not live"
2015-01-31,35552.4188,0.008083454249,B6.1 history,"backtested, not live"
2015-02-28,36027.2404,0.0133555342,B6.1 history,"backtested, not live"
2015-03-31,35681.9669,-0.009583678537,B6.1 history,"backtested, not live"
2015-04-30,36089.015,0.01140767139,B6.1 history,"backtested, not live"
2015-05-31,35910.9009,-0.004935412035,B6.1 history,"backtested, not live"
2015-06-30,35139.5734,-0.0214789223,B6.1 history,"backtested, not live"
2015-07-31,35304.6064,0.004696498885,B6.1 history,"backtested, not live"
2015-08-31,34342.1974,-0.02726015389,B6.1 history,"backtested, not live"
2015-09-30,34036.6174,-0.008898091145,B6.1 history,"backtested, not live"
2015-10-31,35174.3982,0.03342814176,B6.1 history,"backtested, not live"
2015-11-30,34821.8738,-0.01002218835,B6.1 history,"backtested, not live"
2015-12-31,34441.6789,-0.01091827745,B6.1 history,"backtested, not live"
2016-01-31,34020.0797,-0.01224096034,B6.1 history,"backtested, not live"
2016-02-29,34378.2438,0.01052801998,B6.1 history,"backtested, not live"
2016-03-31,35657.4915,0.03721096844,B6.1 history,"backtested, not live"
2016-04-30,36144.8958,0.01366905734,B6.1 history,"backtested, not live"
2016-05-31,36122.8057,-0.0006111542917,B6.1 history,"backtested, not live"
2016-06-30,36764.1837,0.01775548614,B6.1 history,"backtested, not live"
2016-07-31,37418.1836,0.01778905004,B6.1 history,"backtested, not live"
2016-08-31,37544.2642,0.003369501007,B6.1 history,"backtested, not live"
2016-09-30,37658.7484,0.003049313906,B6.1 history,"backtested, not live"
2016-10-31,36898.7408,-0.02018143772,B6.1 history,"backtested, not live"
2016-11-30,36189.5817,-0.01921905919,B6.1 history,"backtested, not live"
2016-12-31,36296.1903,0.002945837902,B6.1 history,"backtested, not live"
2017-01-31,36814.1863,0.0142713596,B6.1 history,"backtested, not live"
2017-02-28,37441.1358,0.01703010586,B6.1 history,"backtested, not live"
2017-03-31,37597.5197,0.004176794801,B6.1 history,"backtested, not live"
2017-04-30,38171.3908,0.01526353598,B6.1 history,"backtested, not live"
2017-05-31,38703.1968,0.01393205747,B6.1 history,"backtested, not live"
2017-06-30,38885.7177,0.004715910693,B6.1 history,"backtested, not live"
2017-07-31,39437.5187,0.01419032605,B6.1 history,"backtested, not live"
2017-08-31,39871.9838,0.01101654324,B6.1 history,"backtested, not live"
2017-09-30,40096.1053,0.005621027431,B6.1 history,"backtested, not live"
2017-10-31,40338.8066,0.006052989385,B6.1 history,"backtested, not live"
2017-11-30,40702.6247,0.009019058375,B6.1 history,"backtested, not live"
2017-12-31,41138.3001,0.01070386668,B6.1 history,"backtested, not live"
2018-01-31,42012.5248,0.02125086891,B6.1 history,"backtested, not live"
2018-02-28,40936.6844,-0.02560760929,B6.1 history,"backtested, not live"
2018-03-31,40863.7181,-0.001782419675,B6.1 history,"backtested, not live"
2018-04-30,40692.7197,-0.004184600399,B6.1 history,"backtested, not live"
2018-05-31,40680.0787,-0.0003106461581,B6.1 history,"backtested, not live"
2018-06-30,40437.2805,-0.005968480493,B6.1 history,"backtested, not live"
2018-07-31,41033.1132,0.01473473778,B6.1 history,"backtested, not live"
2018-08-31,41113.7999,0.001966381699,B6.1 history,"backtested, not live"
2018-09-30,41146.01,0.0007834360823,B6.1 history,"backtested, not live"
2018-10-31,39483.6867,-0.0404005943,B6.1 history,"backtested, not live"
2018-11-30,39788.8883,0.007729813896,B6.1 history,"backtested, not live"
2018-12-31,38996.4386,-0.01991635585,B6.1 history,"backtested, not live"
2019-01-31,40758.2148,0.04517787414,B6.1 history,"backtested, not live"
2019-02-28,41130.96,0.009145276577,B6.1 history,"backtested, not live"
2019-03-31,41833.3974,0.01707807008,B6.1 history,"backtested, not live"
2019-04-30,42401.4801,0.01357964658,B6.1 history,"backtested, not live"
2019-05-31,41688.4248,-0.01681675584,B6.1 history,"backtested, not live"
2019-06-30,43457.9744,0.04244702459,B6.1 history,"backtested, not live"
2019-07-31,43556.2759,0.002261991026,B6.1 history,"backtested, not live"
2019-08-31,43980.4774,0.009739158951,B6.1 history,"backtested, not live"
2019-09-30,44128.7065,0.00337033745,B6.1 history,"backtested, not live"
2019-10-31,44652.908,0.01187892318,B6.1 history,"backtested, not live"
2019-11-30,44964.3828,0.006975465898,B6.1 history,"backtested, not live"
2019-12-31,45723.2866,0.01687788743,B6.1 history,"backtested, not live"
2020-01-31,45975.153,0.005508493292,B6.1 history,"backtested, not live"
2020-02-29,44919.4673,-0.02296209213,B6.1 history,"backtested, not live"
2020-03-31,41916.2811,-0.06685712001,B6.1 history,"backtested, not live"
2020-04-30,43990.2416,0.04947863819,B6.1 history,"backtested, not live"
2020-05-31,45204.7398,0.02760835437,B6.1 history,"backtested, not live"
2020-06-30,46086.8199,0.01951300073,B6.1 history,"backtested, not live"
2020-07-31,47822.7385,0.03766626969,B6.1 history,"backtested, not live"
2020-08-31,48833.5544,0.02113672119,B6.1 history,"backtested, not live"
2020-09-30,48114.3014,-0.01472866299,B6.1 history,"backtested, not live"
2020-10-31,47577.7426,-0.01115175326,B6.1 history,"backtested, not live"
2020-11-30,50178.1324,0.05465559496,B6.1 history,"backtested, not live"
2020-12-31,51445.4405,0.02525618273,B6.1 history,"backtested, not live"
2021-01-31,51064.5325,-0.007404115973,B6.1 history,"backtested, not live"
2021-02-28,50893.2061,-0.003355096888,B6.1 history,"backtested, not live"
2021-03-31,51007.0232,0.002236392472,B6.1 history,"backtested, not live"
2021-04-30,52272.3166,0.02480625846,B6.1 history,"backtested, not live"
2021-05-31,52866.2256,0.01136182477,B6.1 history,"backtested, not live"
2021-06-30,53314.7152,0.008483481373,B6.1 history,"backtested, not live"
2021-07-31,53865.8583,0.01033754277,B6.1 history,"backtested, not live"
2021-08-31,54387.9072,0.009691647213,B6.1 history,"backtested, not live"
2021-09-30,52845.3227,-0.02836263877,B6.1 history,"backtested, not live"
2021-10-31,54062.6293,0.02303527594,B6.1 history,"backtested, not live"
2021-11-30,53418.9223,-0.01190669051,B6.1 history,"backtested, not live"
2021-12-31,54420.4696,0.01874892374,B6.1 history,"backtested, not live"
2022-01-31,52497.6443,-0.03533275739,B6.1 history,"backtested, not live"
2022-02-28,51385.3539,-0.02118743527,B6.1 history,"backtested, not live"
2022-03-31,51063.9134,-0.006255488323,B6.1 history,"backtested, not live"
2022-04-30,47677.5208,-0.0663167469,B6.1 history,"backtested, not live"
2022-05-31,47723.5103,0.0009645957363,B6.1 history,"backtested, not live"
2022-06-30,45069.9396,-0.05560300754,B6.1 history,"backtested, not live"
2022-07-31,47111.4277,0.04529600161,B6.1 history,"backtested, not live"
2022-08-31,45404.4492,-0.03623278985,B6.1 history,"backtested, not live"
2022-09-30,41920.0485,-0.07674139278,B6.1 history,"backtested, not live"
2022-10-31,42783.4457,0.02059628359,B6.1 history,"backtested, not live"
2022-11-30,45744.4259,0.06920854695,B6.1 history,"backtested, not live"
2022-12-31,44748.1969,-0.02177814951,B6.1 history,"backtested, not live"
2023-01-31,47119.4924,0.05299197766,B6.1 history,"backtested, not live"
2023-02-28,45600.037,-0.03224685412,B6.1 history,"backtested, not live"
2023-03-31,47042.7396,0.03163818999,B6.1 history,"backtested, not live"
2023-04-30,47547.4382,0.01072851316,B6.1 history,"backtested, not live"
2023-05-31,46914.0281,-0.01332164647,B6.1 history,"backtested, not live"
2023-06-30,48017.2321,0.02351543933,B6.1 history,"backtested, not live"
2023-07-31,48842.5311,0.01718755962,B6.1 history,"backtested, not live"
2023-08-31,47834.4848,-0.0206386983,B6.1 history,"backtested, not live"
2023-09-30,46038.3142,-0.03754970222,B6.1 history,"backtested, not live"
2023-10-31,45077.9043,-0.02086109932,B6.1 history,"backtested, not live"
2023-11-30,48233.8167,0.07001018357,B6.1 history,"backtested, not live"
2023-12-31,50488.8045,0.04675117958,B6.1 history,"backtested, not live"
2024-01-31,50335.1788,-0.003042767306,B6.1 history,"backtested, not live"
2024-02-29,50846.3422,0.01015519185,B6.1 history,"backtested, not live"
2024-03-31,52022.279,0.023127263,B6.1 history,"backtested, not live"
2024-04-30,50456.365,-0.0301008335,B6.1 history,"backtested, not live"
2024-05-31,51862.5178,0.02786869034,B6.1 history,"backtested, not live"
2024-06-30,52471.5234,0.01174269318,B6.1 history,"backtested, not live"
2024-07-31,53508.6258,0.01976505212,B6.1 history,"backtested, not live"
2024-08-31,54984.6019,0.02758389091,B6.1 history,"backtested, not live"
2024-09-30,56135.0079,0.02092233031,B6.1 history,"backtested, not live"
2024-10-31,54794.7087,-0.02387635311,B6.1 history,"backtested, not live"
2024-11-30,55780.9857,0.01799949383,B6.1 history,"backtested, not live"
2024-12-31,54519.1158,-0.02262186425,B6.1 history,"backtested, not live"
2025-01-31,55317.9773,0.0146528694,B6.1 history,"backtested, not live"
2025-02-28,56004.2545,0.0124060428,B6.1 history,"backtested, not live"
2025-03-31,55368.4788,-0.01135227513,B6.1 history,"backtested, not live"
2025-04-30,56048.7055,0.01228545158,B6.1 history,"backtested, not live"
2025-05-31,57308.6492,0.02247944168,B6.1 history,"backtested, not live"
2025-06-30,59092.136,0.03112072748,B6.1 history,"backtested, not live"
2025-07-31,59251.1151,0.002690359297,B6.1 history,"backtested, not live"
2025-08-31,60325.121,0.0181263416,B6.1 history,"backtested, not live"
2025-09-30,61988.3785,0.02757155664,B6.1 history,"backtested, not live"
2025-10-31,62879.4645,0.01437504939,B6.1 history,"backtested, not live"
2025-11-30,63055.8703,0.002805459127,B6.1 history,"backtested, not live"
2025-12-31,63291.1433,0.00373118389,B6.1 history,"backtested, not live"
2026-01-31,64792.3395,0.02371889757,B6.1 history,"backtested, not live"
2026-02-28,65825.5228,0.01594607263,B6.1 history,"backtested, not live"
2026-03-31,62623.0873,-0.04865036235,B6.1 history,"backtested, not live"
2026-04-30,65405.6253,0.04443310226,B6.1 history,"backtested, not live"
2026-05-31,66835.5631,0.02186261037,B6.1 history,"backtested, not live"
2026-06-30,66250.2832,-0.008757011769,B6.1 history,"backtested, not live"
2026-07-31,65824.2426,-0.006430773906,ETF implementation,"backtested, not live"
2026-08-31,67303.4615,0.02247225062,ETF implementation,published
